               epoch,      train/box_loss,      train/obj_loss,      train/cls_loss,   metrics/precision,      metrics/recall,     metrics/mAP_0.5,metrics/mAP_0.5:0.95,        val/box_loss,        val/obj_loss,        val/cls_loss,               x/lr0,               x/lr1,               x/lr2
                   0,             0.12353,            0.041859,            0.043645,           0.0023518,             0.16239,           0.0015425,          0.00030718,             0.12639,            0.035701,            0.044247,                   0,                   0,                 0.1
                   1,             0.12569,            0.041656,            0.041651,           0.0018028,            0.053419,           0.0011293,          0.00017576,             0.12599,            0.037211,            0.043602,          9.9998e-06,          9.9998e-06,             0.09991
                   2,             0.12497,            0.039844,             0.04503,           0.0018818,            0.053419,           0.0010296,          0.00019506,             0.12583,            0.036756,            0.043438,          1.9998e-05,          1.9998e-05,             0.09982
                   3,             0.12767,            0.042884,            0.040795,           0.0019756,            0.053419,            0.001029,          0.00021271,             0.12565,            0.036313,            0.043274,          2.9993e-05,          2.9993e-05,             0.09973
                   4,             0.12842,            0.041353,            0.042771,           0.0020212,            0.053419,           0.0010269,          0.00019655,             0.12549,            0.035745,            0.043139,          3.9984e-05,          3.9984e-05,             0.09964
                   5,             0.12419,            0.037796,            0.042327,           0.0021014,            0.053419,          0.00093424,            0.000189,             0.12521,            0.035077,            0.042998,          4.9969e-05,          4.9969e-05,             0.09955
                   6,             0.12477,            0.039435,            0.041251,           0.0022236,            0.053419,          0.00093961,          0.00016081,             0.12497,            0.034461,            0.042888,          5.9947e-05,          5.9947e-05,             0.09946
                   7,             0.12421,            0.038353,            0.043246,             0.00236,            0.053419,           0.0011856,          0.00025117,              0.1246,            0.033824,            0.042818,          6.9915e-05,          6.9915e-05,             0.09937
                   8,             0.12464,            0.040066,            0.043955,            0.002462,            0.053419,           0.0010743,          0.00024452,             0.12422,            0.033194,            0.042667,          7.9874e-05,          7.9874e-05,             0.09928
                   9,             0.12196,            0.038668,            0.041687,           0.0025403,            0.053419,           0.0010712,          0.00024732,             0.12388,            0.032685,            0.042475,           8.982e-05,           8.982e-05,             0.09919
                  10,             0.12239,            0.034665,            0.042245,           0.0025939,            0.053419,           0.0010741,          0.00024794,             0.12352,            0.032171,            0.042306,          9.9753e-05,          9.9753e-05,              0.0991
                  11,             0.12438,            0.040779,             0.04264,           0.0014553,            0.027778,          0.00075224,          0.00019363,             0.12305,            0.031721,            0.042099,          0.00010967,          0.00010967,             0.09901
                  12,             0.12283,            0.037397,            0.041396,           0.0014738,            0.027778,          0.00075191,           0.0001931,             0.12266,            0.031136,            0.041948,          0.00011957,          0.00011957,             0.09892
                  13,             0.12422,            0.035626,            0.040472,           0.0014786,            0.027778,          0.00053689,          0.00013926,             0.12228,            0.030659,            0.041768,          0.00012946,          0.00012946,            0.098829
                  14,             0.12191,            0.036823,            0.042533,           0.0015139,            0.027778,          0.00053657,          0.00013896,             0.12181,            0.030264,              0.0416,          0.00013932,          0.00013932,            0.098739
                  15,             0.12927,            0.032347,            0.043276,           0.0015747,            0.027778,           0.0005434,          0.00012931,             0.12137,            0.029819,            0.041398,          0.00014917,          0.00014917,            0.098649
                  16,             0.12526,            0.034738,            0.039591,           0.0016782,            0.027778,          0.00055177,          0.00013069,             0.12096,            0.029407,            0.041233,          0.00015899,          0.00015899,            0.098559
                  17,             0.12013,            0.032175,            0.041861,           0.0017297,            0.027778,           0.0005572,          0.00015505,             0.12033,             0.02913,            0.041005,          0.00016879,          0.00016879,            0.098469
                  18,             0.12398,            0.032704,            0.039971,           0.0019047,            0.027778,          0.00057182,          0.00015925,             0.11997,            0.028755,            0.040787,          0.00017857,          0.00017857,            0.098379
                  19,             0.12245,            0.031698,            0.041129,           0.0020812,            0.027778,          0.00058313,          0.00013607,             0.11942,            0.028472,            0.040603,          0.00018831,          0.00018831,            0.098288
                  20,             0.12077,            0.029325,            0.040126,           0.0020567,            0.027778,          0.00057804,          0.00014195,             0.11874,            0.028182,            0.040389,          0.00019803,          0.00019803,            0.098198
                  21,             0.11872,            0.028445,            0.041025,           0.0022064,            0.027778,          0.00081218,          0.00016824,             0.11777,            0.027969,            0.040157,          0.00020772,          0.00020772,            0.098108
                  22,             0.12086,            0.032878,            0.039695,           0.0022353,            0.027778,          0.00080641,          0.00016712,             0.11676,            0.027811,            0.039955,          0.00021738,          0.00021738,            0.098017
                  23,             0.11852,            0.031943,             0.03904,           0.0022184,            0.027778,          0.00080066,          0.00016617,             0.11585,            0.027658,            0.039712,          0.00022701,          0.00022701,            0.097927
                  24,             0.11802,            0.035776,            0.040571,           0.0021242,            0.027778,          0.00090141,          0.00015593,             0.11455,            0.027597,            0.039394,          0.00023661,          0.00023661,            0.097837
                  25,             0.12009,            0.031124,            0.039499,           0.0018695,            0.027778,          0.00076304,          0.00015205,             0.11357,            0.027482,            0.039197,          0.00024617,          0.00024617,            0.097746
                  26,             0.11872,            0.033073,               0.038,           0.0012628,            0.027778,          0.00060987,          0.00015268,             0.11255,            0.027385,            0.038853,          0.00025569,          0.00025569,            0.097656
                  27,             0.11677,            0.033536,            0.039584,           0.0011343,            0.027778,          0.00073577,          0.00015928,               0.112,            0.027247,            0.038588,          0.00026518,          0.00026518,            0.097565
                  28,             0.11616,            0.031415,            0.040296,           0.0012954,            0.081197,           0.0006188,          0.00012208,             0.11133,            0.027151,            0.038383,          0.00027462,          0.00027462,            0.097475
                  29,              0.1168,            0.038722,            0.040765,           0.0014172,             0.16239,          0.00092278,          0.00016637,              0.1104,            0.027075,            0.038164,          0.00028403,          0.00028403,            0.097384
                  30,              0.1166,            0.031506,            0.042311,           0.0014127,             0.16239,            0.000942,           0.0001546,             0.10974,             0.02705,            0.038029,          0.00029339,          0.00029339,            0.097293
                  31,             0.11728,            0.026322,            0.038356,           0.0022209,            0.025641,           0.0010824,          0.00019684,             0.10853,            0.027071,            0.037765,          0.00030271,          0.00030271,            0.097203
                  32,             0.11547,            0.028295,            0.039979,           0.0021303,            0.025641,           0.0010774,          0.00017166,             0.10783,             0.02705,              0.0376,          0.00031199,          0.00031199,            0.097112
                  33,             0.11187,            0.031671,            0.039544,           0.0020456,            0.025641,          0.00091522,          0.00015916,             0.10743,            0.026987,            0.037356,          0.00032122,          0.00032122,            0.097021
                  34,             0.11508,              0.0335,            0.039502,            0.001998,            0.025641,           0.0010761,           0.0001719,             0.10679,            0.026956,            0.037128,           0.0003304,           0.0003304,             0.09693
                  35,             0.11327,            0.030322,            0.040666,           0.0019309,             0.16239,           0.0014372,          0.00024064,             0.10613,            0.026921,            0.036933,          0.00033954,          0.00033954,             0.09684
                  36,             0.11628,            0.030626,            0.038342,           0.0019729,             0.16239,           0.0014082,          0.00029821,             0.10578,            0.026934,            0.036531,          0.00034862,          0.00034862,            0.096749
                  37,             0.11489,            0.034403,            0.038019,           0.0016554,             0.19017,           0.0011279,          0.00026325,             0.10552,            0.026871,            0.036286,          0.00035766,          0.00035766,            0.096658
                  38,             0.10923,            0.031629,            0.037688,           0.0014744,             0.16239,          0.00090631,          0.00021972,              0.1059,            0.026661,            0.035999,          0.00036664,          0.00036664,            0.096567
                  39,             0.11293,            0.027929,            0.036305,           0.0011977,             0.13462,          0.00072444,          0.00016397,              0.1061,            0.026507,            0.035712,          0.00037557,          0.00037557,            0.096476
                  40,             0.10779,             0.03622,            0.036505,            0.001033,             0.10684,           0.0005818,          0.00010792,             0.10619,            0.026384,            0.035584,          0.00038444,          0.00038444,            0.096384
                  41,             0.11129,            0.031995,            0.038223,           0.0012727,             0.13462,          0.00074299,          0.00012297,             0.10575,            0.026351,            0.035513,          0.00039325,          0.00039325,            0.096293
                  42,             0.11258,            0.035436,            0.038975,           0.0011934,             0.13462,          0.00072819,          0.00016363,             0.10515,            0.026332,            0.035487,          0.00040201,          0.00040201,            0.096202
                  43,             0.11174,            0.031183,            0.037862,           0.0011969,             0.13462,          0.00072901,          8.4096e-05,             0.10461,            0.026303,            0.035468,          0.00041071,          0.00041071,            0.096111
                  44,             0.10963,            0.027183,            0.038654,           0.0011898,             0.13462,          0.00073719,          8.4973e-05,             0.10413,            0.026253,            0.035408,          0.00041935,          0.00041935,            0.096019
                  45,             0.10701,            0.025818,            0.038254,           0.0011935,             0.13462,          0.00073665,           0.0001491,              0.1034,            0.026255,            0.035291,          0.00042793,          0.00042793,            0.095928
                  46,             0.10782,            0.027028,            0.038718,          0.00091072,             0.10897,           0.0005632,          0.00012002,             0.10281,            0.026177,            0.035238,          0.00043644,          0.00043644,            0.095836
                  47,             0.10311,            0.035625,             0.03724,           0.0015426,             0.07906,          0.00082947,          0.00013437,             0.10204,            0.026115,            0.035261,           0.0004449,           0.0004449,            0.095745
                  48,             0.10127,            0.034217,            0.034991,           0.0015314,             0.16239,          0.00097959,          0.00018557,             0.10118,             0.02611,             0.03515,          0.00045328,          0.00045328,            0.095653
                  49,             0.10855,            0.031669,             0.03621,            0.001753,             0.19017,           0.0012175,          0.00024292,             0.10046,            0.026068,            0.035102,           0.0004616,           0.0004616,            0.095562
                  50,             0.10203,            0.034045,            0.036443,           0.0015363,             0.16239,          0.00095971,          0.00025042,            0.099965,            0.026053,            0.034984,          0.00046986,          0.00046986,             0.09547
                  51,             0.10583,            0.032938,            0.035813,           0.0017696,             0.19017,           0.0011865,          0.00036092,            0.099266,             0.02608,            0.034866,          0.00047804,          0.00047804,            0.095378
                  52,             0.11234,            0.025722,            0.038717,           0.0017965,            0.081197,           0.0011731,          0.00037512,            0.098758,            0.026039,            0.034788,          0.00048616,          0.00048616,            0.095286
                  53,             0.10783,            0.036101,            0.036276,           0.0018254,            0.081197,           0.0011643,           0.0003789,            0.098096,            0.026036,            0.034696,           0.0004942,           0.0004942,            0.095194
                  54,              0.1052,            0.035521,            0.036854,           0.0023293,             0.10897,           0.0013122,          0.00041074,            0.097673,            0.026095,             0.03464,          0.00050217,          0.00050217,            0.095102
                  55,            0.096108,            0.027652,            0.034741,           0.0025327,             0.10684,           0.0016804,          0.00035271,            0.096923,            0.026201,              0.0346,          0.00051007,          0.00051007,             0.09501
                  56,             0.10347,            0.033892,            0.035275,           0.0025917,             0.24359,           0.0019059,          0.00034837,            0.096505,            0.026208,            0.034539,           0.0005179,           0.0005179,            0.094918
                  57,            0.097019,            0.028354,            0.033785,           0.0025593,             0.10684,           0.0018467,          0.00037168,            0.096142,            0.026282,            0.034448,          0.00052565,          0.00052565,            0.094826
                  58,             0.10043,             0.03715,            0.035558,           0.0027766,             0.21795,           0.0018921,          0.00036108,            0.095694,            0.026277,            0.034358,          0.00053332,          0.00053332,            0.094733
                  59,             0.10694,             0.03432,            0.035463,           0.0028117,             0.21795,           0.0019461,          0.00045299,            0.095275,            0.026264,            0.034267,          0.00054092,          0.00054092,            0.094641
                  60,            0.094638,            0.027253,            0.034349,           0.0026423,             0.19231,           0.0016924,           0.0003482,            0.095136,             0.02628,            0.034161,          0.00054843,          0.00054843,            0.094548
                  61,            0.096542,            0.030377,            0.034824,           0.0026519,             0.19231,           0.0017897,          0.00030847,            0.094833,            0.026336,            0.034064,          0.00055587,          0.00055587,            0.094456
                  62,            0.098719,            0.039968,            0.034472,           0.0030916,             0.19231,           0.0019925,          0.00039039,            0.094485,            0.026311,            0.033955,          0.00056323,          0.00056323,            0.094363
                  63,            0.098426,            0.029925,            0.032922,           0.0023722,             0.16453,           0.0017771,          0.00042263,            0.093951,            0.026297,            0.033867,          0.00057051,          0.00057051,            0.094271
                  64,            0.098535,            0.034026,            0.032919,           0.0028188,             0.19231,           0.0020434,          0.00045538,            0.093534,            0.026272,            0.033724,           0.0005777,           0.0005777,            0.094178
                  65,            0.095592,            0.037567,            0.034413,           0.0027615,             0.19231,           0.0021981,          0.00051111,            0.092624,            0.026321,            0.033587,          0.00058482,          0.00058482,            0.094085
                  66,            0.099968,             0.03928,            0.035024,           0.0027405,             0.13889,           0.0021618,          0.00048595,            0.091788,            0.026357,            0.033463,          0.00059184,          0.00059184,            0.093992
                  67,            0.098654,            0.035952,            0.034232,           0.0034899,            0.083333,           0.0025849,          0.00049619,            0.091089,            0.026389,            0.033342,          0.00059878,          0.00059878,            0.093899
                  68,            0.094318,            0.034344,            0.034524,           0.0039715,            0.083333,           0.0028005,          0.00054475,            0.090356,            0.026394,            0.033243,          0.00060564,          0.00060564,            0.093806
                  69,            0.092129,            0.033392,            0.032797,           0.0042725,             0.13675,           0.0023968,          0.00049581,            0.090075,            0.026457,            0.033025,          0.00061241,          0.00061241,            0.093712
                  70,             0.10145,            0.036131,            0.035261,           0.0039808,             0.13889,           0.0028257,          0.00066167,             0.08921,            0.026515,            0.032878,          0.00061909,          0.00061909,            0.093619
                  71,            0.094633,            0.031412,            0.032649,            0.004466,             0.13889,           0.0031415,          0.00073191,            0.088656,            0.026598,            0.032706,          0.00062568,          0.00062568,            0.093526
                  72,            0.099651,            0.045895,            0.033299,           0.0045003,             0.13889,           0.0032462,          0.00056778,            0.088695,            0.026623,            0.032568,          0.00063219,          0.00063219,            0.093432
                  73,            0.093285,            0.044456,            0.033608,           0.0048765,             0.11111,           0.0033717,          0.00071253,            0.087591,            0.026727,            0.032482,           0.0006386,           0.0006386,            0.093339
                  74,            0.091757,            0.040518,            0.031327,           0.0086309,            0.083333,           0.0046909,           0.0012175,            0.085943,            0.026833,             0.03238,          0.00064492,          0.00064492,            0.093245
                  75,            0.092967,            0.034211,            0.035562,           0.0087799,            0.083333,           0.0053368,           0.0012697,            0.085268,            0.026909,            0.032295,          0.00065115,          0.00065115,            0.093151
                  76,            0.089508,            0.039723,            0.032778,            0.012409,            0.083333,           0.0066562,            0.001388,            0.085095,            0.026856,              0.0322,          0.00065728,          0.00065728,            0.093057
                  77,            0.089292,            0.035351,             0.03337,            0.011896,            0.083333,           0.0065231,            0.001383,            0.084704,            0.026889,            0.032121,          0.00066333,          0.00066333,            0.092963
                  78,            0.091135,            0.032207,            0.029611,            0.012132,            0.083333,           0.0065192,           0.0014195,            0.084442,            0.026903,            0.032009,          0.00066928,          0.00066928,            0.092869
                  79,            0.084403,            0.039879,            0.033179,            0.015075,            0.055556,           0.0081146,           0.0013072,            0.084171,            0.026978,            0.031878,          0.00067513,          0.00067513,            0.092775
                  80,            0.088655,            0.034918,            0.033487,            0.008034,             0.13889,             0.00567,           0.0011868,            0.084295,            0.027038,            0.031761,          0.00068089,          0.00068089,            0.092681
                  81,            0.085792,            0.037068,             0.03257,            0.022194,            0.055556,           0.0093112,           0.0029621,            0.081679,            0.027191,            0.031671,          0.00068655,          0.00068655,            0.092587
                  82,            0.085935,            0.039315,            0.031921,              0.0301,            0.055556,            0.010792,           0.0026877,            0.081253,            0.027247,            0.031585,          0.00069211,          0.00069211,            0.092492
                  83,             0.09071,            0.031879,            0.033747,            0.014343,            0.083333,           0.0089973,           0.0025932,            0.081159,            0.027277,            0.031468,          0.00069758,          0.00069758,            0.092398
                  84,            0.090673,            0.036449,            0.034986,            0.015262,            0.055556,            0.008239,           0.0021871,            0.082857,            0.027212,            0.031273,          0.00070295,          0.00070295,            0.092303
                  85,            0.084255,            0.040144,            0.032227,            0.027941,            0.083333,            0.014022,           0.0035676,            0.082382,            0.027175,            0.031082,          0.00070822,          0.00070822,            0.092208
                  86,            0.086754,            0.033871,            0.033005,            0.031142,            0.083333,            0.019244,            0.004114,            0.080976,            0.027142,            0.030861,          0.00071338,          0.00071338,            0.092113
                  87,            0.086425,            0.039475,            0.033406,             0.01962,             0.16667,            0.012864,           0.0026968,            0.080484,            0.027125,            0.030681,          0.00071845,          0.00071845,            0.092018
                  88,            0.086531,             0.03927,            0.031475,            0.027882,             0.13889,             0.01521,           0.0031795,             0.07977,            0.027308,            0.030604,          0.00072342,          0.00072342,            0.091923
                  89,            0.079895,            0.038005,            0.032206,            0.037193,             0.13889,             0.02373,           0.0067874,            0.078389,            0.027422,            0.030571,          0.00072829,          0.00072829,            0.091828
                  90,            0.082424,            0.044488,            0.035248,            0.023483,            0.083333,            0.011255,           0.0025651,             0.08061,            0.027733,            0.030772,          0.00073305,          0.00073305,            0.091733
                  91,            0.087318,            0.031711,            0.033891,            0.022451,            0.083333,            0.013315,           0.0028008,            0.080115,            0.027949,             0.03085,          0.00073772,          0.00073772,            0.091638
                  92,            0.083599,            0.048134,            0.030772,            0.025883,             0.11111,            0.015895,           0.0038092,            0.078131,            0.028087,            0.030886,          0.00074228,          0.00074228,            0.091542
                  93,            0.087691,            0.028863,            0.033915,            0.034452,             0.13889,            0.019996,           0.0046304,            0.076552,            0.028156,            0.030905,          0.00074673,          0.00074673,            0.091447
                  94,            0.082184,            0.041063,            0.030539,            0.034273,             0.16667,            0.021501,           0.0073942,            0.075101,            0.028308,            0.030923,          0.00075108,          0.00075108,            0.091351
                  95,             0.08411,            0.043737,            0.030485,            0.034268,             0.16667,            0.021423,           0.0058744,            0.074688,            0.028459,            0.030853,          0.00075533,          0.00075533,            0.091255
                  96,            0.077105,            0.035314,            0.031944,             0.03503,             0.16667,            0.022879,           0.0066437,            0.074235,            0.028561,            0.030752,          0.00075948,          0.00075948,            0.091159
                  97,            0.075619,            0.034919,            0.031841,            0.082699,            0.083333,            0.031617,           0.0064177,            0.074384,            0.028681,            0.030731,          0.00076352,          0.00076352,            0.091064
                  98,            0.082387,            0.045017,            0.032439,            0.049435,            0.055556,             0.02344,           0.0049568,            0.074287,            0.028726,            0.030648,          0.00076745,          0.00076745,            0.090967
                  99,            0.073086,            0.043562,            0.028679,            0.053398,            0.055556,            0.023505,           0.0051015,            0.074248,            0.028723,            0.030594,          0.00077128,          0.00077128,            0.090871
                 100,            0.076105,            0.033348,            0.029567,             0.43659,            0.050644,            0.034355,           0.0063277,            0.073886,            0.028781,            0.030463,            0.000775,            0.000775,            0.090775
                 101,            0.075839,            0.035362,            0.031695,             0.03876,             0.16667,             0.02531,            0.005764,            0.073735,            0.028883,            0.030305,          0.00077862,          0.00077862,            0.090679
                 102,            0.079601,            0.044854,            0.032987,            0.035158,             0.19231,            0.024249,            0.006999,            0.072138,            0.028924,            0.030213,          0.00078212,          0.00078212,            0.090582
                 103,            0.073092,            0.032296,            0.029811,            0.043071,             0.16085,            0.037844,           0.0082075,            0.072914,            0.028998,            0.030093,          0.00078553,          0.00078553,            0.090486
                 104,            0.079259,            0.036805,            0.028967,            0.048441,             0.13889,            0.039854,           0.0066677,            0.072538,            0.029064,            0.030004,          0.00078882,          0.00078882,            0.090389
                 105,            0.073043,            0.027699,            0.033194,            0.047767,             0.16667,            0.053122,            0.014196,            0.071202,            0.029141,            0.029863,          0.00079201,          0.00079201,            0.090292
                 106,            0.076522,            0.038905,            0.033134,            0.047582,             0.16667,            0.056682,           0.0097874,            0.070276,              0.0292,            0.029774,          0.00079509,          0.00079509,            0.090195
                 107,            0.072868,            0.037726,            0.030527,             0.02717,              0.1283,            0.016844,           0.0048767,            0.070876,            0.029144,             0.02973,          0.00079806,          0.00079806,            0.090098
                 108,            0.078359,            0.040047,            0.031046,            0.057175,            0.083333,            0.027899,           0.0075808,            0.071215,            0.029178,            0.029615,          0.00080093,          0.00080093,            0.090001
                 109,            0.074711,            0.029737,            0.031535,            0.094926,             0.11111,            0.056726,            0.013214,            0.068877,            0.029372,            0.029498,          0.00080369,          0.00080369,            0.089904
                 110,            0.078381,            0.039445,            0.030664,            0.086218,             0.15538,            0.049933,            0.012767,            0.069031,            0.029347,            0.029393,          0.00080633,          0.00080633,            0.089806
                 111,            0.077738,            0.043176,            0.029605,            0.074379,             0.16667,             0.04639,             0.01221,            0.069771,            0.029274,            0.029299,          0.00080888,          0.00080888,            0.089709
                 112,             0.07391,            0.040656,            0.029295,             0.43868,             0.11111,            0.063474,            0.016495,            0.069067,            0.029207,             0.02926,          0.00081131,          0.00081131,            0.089611
                 113,              0.0714,            0.046473,            0.031305,             0.06238,             0.11111,            0.031981,            0.011668,            0.070002,            0.029098,            0.029171,          0.00081363,          0.00081363,            0.089514
                 114,            0.074751,            0.033819,            0.029953,            0.090075,             0.13395,            0.056569,            0.011042,             0.06945,            0.029078,            0.029123,          0.00081585,          0.00081585,            0.089416
                 115,            0.083098,            0.038861,            0.029321,            0.096672,             0.16667,            0.067478,            0.020672,            0.069137,            0.029145,            0.029079,          0.00081796,          0.00081796,            0.089318
                 116,            0.072664,             0.04566,            0.027776,            0.099176,             0.16667,            0.062154,            0.011386,            0.070705,            0.029098,            0.028989,          0.00081995,          0.00081995,             0.08922
                 117,            0.074176,            0.037973,             0.03117,            0.096702,             0.16667,            0.055617,            0.014856,            0.070805,            0.029028,            0.028886,          0.00082185,          0.00082185,            0.089122
                 118,             0.07167,            0.039304,            0.029857,             0.10451,             0.16667,            0.081692,            0.022842,            0.069329,               0.029,            0.028794,          0.00082363,          0.00082363,            0.089024
                 119,            0.072344,            0.031051,            0.028956,            0.077825,             0.13552,            0.054492,            0.013149,            0.068834,            0.029106,            0.028674,           0.0008253,           0.0008253,            0.088925
                 120,            0.074142,            0.031882,            0.031966,             0.10449,             0.11111,             0.05759,            0.010461,            0.068565,            0.029134,            0.028544,          0.00082687,          0.00082687,            0.088827
                 121,            0.074763,            0.048275,            0.028697,             0.11722,             0.11111,             0.06629,            0.017982,            0.067146,            0.029149,            0.028467,          0.00082833,          0.00082833,            0.088728
                 122,            0.079534,            0.036877,            0.031587,             0.16085,             0.13889,             0.10257,            0.022308,            0.066632,            0.029146,            0.028371,          0.00082968,          0.00082968,             0.08863
                 123,            0.075088,            0.049699,             0.02838,             0.09956,             0.16667,            0.060658,            0.016584,            0.067881,            0.029048,            0.028323,          0.00083092,          0.00083092,            0.088531
                 124,            0.069655,             0.03613,            0.031183,             0.46557,             0.13889,            0.075388,            0.022162,            0.066812,            0.029126,            0.028231,          0.00083206,          0.00083206,            0.088432
                 125,            0.068164,            0.042724,            0.029288,             0.47212,             0.13889,            0.085524,            0.026324,            0.065708,            0.029101,            0.028126,          0.00083309,          0.00083309,            0.088333
                 126,            0.069498,            0.044817,            0.027577,             0.49915,             0.13761,            0.086023,             0.03192,            0.065839,             0.02896,             0.02803,          0.00083401,          0.00083401,            0.088234
                 127,             0.07077,            0.036941,            0.029526,             0.49816,             0.13613,            0.093808,            0.017923,            0.066673,            0.028781,             0.02799,          0.00083482,          0.00083482,            0.088135
                 128,            0.075845,            0.048549,            0.028548,             0.10502,             0.18804,            0.060666,            0.010637,            0.068776,            0.028539,            0.027877,          0.00083553,          0.00083553,            0.088036
                 129,            0.072612,            0.048194,            0.028805,             0.81668,             0.13889,            0.098781,            0.014002,            0.066459,            0.028386,             0.02786,          0.00083613,          0.00083613,            0.087936
                 130,            0.071313,            0.041503,            0.027884,             0.81517,             0.13889,            0.097307,            0.015082,            0.066277,            0.028402,            0.027792,          0.00083663,          0.00083663,            0.087837
                 131,            0.067971,            0.038257,            0.028831,             0.80481,             0.13889,              0.1072,            0.026885,            0.066106,            0.028487,            0.027803,          0.00083702,          0.00083702,            0.087737
                 132,            0.071772,            0.039599,            0.030108,             0.85134,             0.13813,             0.11413,             0.02653,            0.065973,             0.02854,            0.027765,           0.0008373,           0.0008373,            0.087637
                 133,            0.072471,            0.038807,            0.030977,             0.43705,             0.13889,            0.072355,            0.021558,            0.065038,            0.028633,            0.027706,          0.00083749,          0.00083749,            0.087537
                 134,            0.066596,            0.044456,            0.032834,             0.46636,             0.16667,            0.088347,            0.018416,            0.064141,            0.028579,            0.027659,          0.00083756,          0.00083756,            0.087438
                 135,            0.074973,            0.035763,            0.030828,             0.44426,             0.13889,            0.077236,             0.01751,            0.064228,            0.028501,            0.027577,          0.00083753,          0.00083753,            0.087338
                 136,            0.068134,            0.037764,            0.028029,              0.8052,             0.13834,            0.089902,            0.018247,            0.063211,            0.028494,            0.027495,           0.0008374,           0.0008374,            0.087237
                 137,            0.068317,            0.033466,            0.029682,             0.81713,             0.13889,            0.097713,            0.019798,            0.062292,            0.028587,            0.027419,          0.00083717,          0.00083717,            0.087137
                 138,            0.065836,            0.035214,            0.026764,             0.12386,             0.16667,            0.081093,            0.013313,            0.062378,            0.028677,             0.02733,          0.00083683,          0.00083683,            0.087037
                 139,            0.067802,            0.043138,              0.0269,             0.85632,             0.11111,             0.11436,            0.025236,            0.062006,            0.028667,            0.027202,          0.00083639,          0.00083639,            0.086936
                 140,            0.071276,                0.03,            0.031145,             0.12333,             0.16667,             0.11611,            0.024385,            0.061288,            0.028709,            0.027139,          0.00083585,          0.00083585,            0.086836
                 141,            0.066746,            0.034722,             0.02695,             0.13966,             0.16667,             0.13271,            0.023345,            0.060913,            0.028777,            0.027077,          0.00083521,          0.00083521,            0.086735
                 142,            0.064999,            0.040319,            0.034129,            0.086273,             0.13889,            0.062318,           0.0097826,            0.063899,            0.028693,            0.027207,          0.00083447,          0.00083447,            0.086634
                 143,            0.070998,             0.03737,            0.028068,            0.073063,             0.13889,            0.052275,           0.0089977,            0.065081,            0.028537,            0.027212,          0.00083363,          0.00083363,            0.086534
                 144,             0.06788,            0.038009,            0.028795,            0.065954,             0.26004,            0.056532,           0.0097354,            0.066782,            0.028478,            0.027181,          0.00083269,          0.00083269,            0.086433
                 145,            0.067182,            0.043719,            0.028332,             0.42668,             0.16667,             0.11154,            0.017712,            0.063801,            0.028434,            0.027051,          0.00083165,          0.00083165,            0.086332
                 146,            0.064876,            0.038711,            0.028977,             0.49955,             0.13821,             0.13272,            0.027773,            0.061511,            0.028437,            0.026906,          0.00083051,          0.00083051,            0.086231
                 147,            0.064178,            0.038529,            0.027311,             0.45691,             0.16667,             0.11711,            0.030562,            0.062876,            0.028334,            0.026758,          0.00082928,          0.00082928,            0.086129
                 148,            0.070459,            0.029995,            0.031471,             0.49981,             0.13861,             0.12014,            0.032132,            0.062048,            0.028291,            0.026727,          0.00082795,          0.00082795,            0.086028
                 149,            0.070419,            0.032029,            0.028895,             0.49822,             0.13622,             0.14185,            0.022253,            0.060873,            0.028316,              0.0267,          0.00082652,          0.00082652,            0.085927
                 150,            0.063874,            0.046379,            0.027895,             0.48348,              0.1368,             0.13298,            0.030424,            0.060491,              0.0282,            0.026619,            0.000825,            0.000825,            0.085825
                 151,             0.06296,            0.032897,            0.027754,             0.49535,             0.13889,             0.14689,            0.038514,            0.060376,            0.028148,            0.026582,          0.00082338,          0.00082338,            0.085723
                 152,            0.066875,            0.042342,            0.027286,              0.4847,             0.13867,             0.14073,            0.036886,            0.062195,            0.028021,            0.026504,          0.00082168,          0.00082168,            0.085622
                 153,            0.073052,            0.030865,            0.030451,             0.49993,             0.13879,              0.1498,            0.051463,            0.060953,            0.028137,            0.026475,          0.00081987,          0.00081987,             0.08552
                 154,            0.063565,            0.044636,            0.029744,             0.49788,              0.1357,             0.15425,            0.047658,            0.060941,            0.028081,             0.02644,          0.00081798,          0.00081798,            0.085418
                 155,            0.063195,            0.056999,            0.027738,             0.49765,             0.13889,             0.15492,            0.053139,            0.060728,            0.027943,            0.026401,            0.000816,            0.000816,            0.085316
                 156,            0.073655,            0.041447,            0.028564,             0.47554,             0.16544,             0.15579,            0.047287,            0.061023,            0.027852,            0.026381,          0.00081392,          0.00081392,            0.085214
                 157,            0.064251,            0.035429,            0.025302,             0.53929,             0.13889,             0.16353,            0.028252,            0.062525,            0.027757,            0.026381,          0.00081176,          0.00081176,            0.085112
                 158,            0.067509,            0.031972,            0.026244,             0.44483,             0.24359,             0.13985,            0.032292,            0.060619,            0.027835,            0.026323,          0.00080951,          0.00080951,             0.08501
                 159,            0.064442,            0.038089,            0.028079,              0.4632,             0.24359,             0.14374,            0.040216,            0.059594,            0.027889,            0.026246,          0.00080717,          0.00080717,            0.084907
                 160,            0.069192,             0.03114,            0.030088,             0.44798,             0.21581,             0.10936,            0.030635,            0.062033,            0.027898,            0.026223,          0.00080474,          0.00080474,            0.084805
                 161,             0.06437,            0.038199,            0.028157,             0.44982,             0.21581,             0.10535,            0.036566,            0.061031,            0.027889,            0.026143,          0.00080223,          0.00080223,            0.084702
                 162,            0.064027,            0.036663,             0.02715,             0.12044,             0.32265,             0.14829,            0.059871,            0.059634,             0.02778,            0.026079,          0.00079963,          0.00079963,              0.0846
                 163,             0.06224,            0.035726,            0.028211,             0.49261,             0.24359,             0.14385,            0.067615,            0.058337,            0.027658,            0.026026,          0.00079695,          0.00079695,            0.084497
                 164,            0.058848,            0.044276,            0.025061,             0.48416,             0.21795,             0.16112,            0.062841,            0.058323,            0.027614,            0.025937,          0.00079419,          0.00079419,            0.084394
                 165,            0.062105,            0.035558,            0.027497,             0.45841,             0.19231,             0.14773,            0.054054,            0.059391,            0.027559,             0.02588,          0.00079135,          0.00079135,            0.084291
                 166,            0.064436,            0.036456,             0.02793,             0.47561,             0.21795,             0.14718,            0.045343,            0.059735,            0.027497,            0.025812,          0.00078842,          0.00078842,            0.084188
                 167,            0.062996,            0.034669,            0.027526,             0.47561,             0.21795,             0.14718,            0.045343,            0.059735,            0.027497,            0.025812,          0.00078542,          0.00078542,            0.084085
                 168,            0.063156,            0.039681,            0.026844,             0.51122,             0.11111,             0.14218,            0.044848,            0.060403,            0.027402,            0.025738,          0.00078234,          0.00078234,            0.083982
                 169,            0.061283,            0.034609,            0.025791,             0.51122,             0.11111,             0.14218,            0.044848,            0.060403,            0.027402,            0.025738,          0.00077918,          0.00077918,            0.083879
                 170,            0.062412,             0.04575,            0.030026,             0.45327,             0.16453,             0.13501,            0.049097,            0.059866,            0.027353,            0.025706,          0.00077595,          0.00077595,            0.083776
                 171,            0.062526,            0.039342,            0.028854,             0.45327,             0.16453,             0.13501,            0.049097,            0.059866,            0.027353,            0.025706,          0.00077264,          0.00077264,            0.083673
                 172,            0.061512,            0.042544,            0.024425,             0.46717,             0.19017,             0.12913,            0.048621,            0.059756,            0.027319,            0.025663,          0.00076926,          0.00076926,            0.083569
                 173,            0.065523,            0.042014,            0.026927,             0.46717,             0.19017,             0.12913,            0.048621,            0.059756,            0.027319,            0.025663,           0.0007658,           0.0007658,            0.083466
                 174,            0.063396,             0.03703,            0.026982,             0.50487,             0.21581,             0.14092,            0.052794,              0.0595,            0.027276,            0.025578,          0.00076228,          0.00076228,            0.083362
                 175,            0.066604,            0.042033,            0.028121,             0.50487,             0.21581,             0.14092,            0.052794,              0.0595,            0.027276,            0.025578,          0.00075868,          0.00075868,            0.083259
                 176,            0.063415,            0.033259,            0.026696,             0.50879,             0.21581,              0.1443,            0.071569,            0.058413,            0.027295,            0.025563,          0.00075502,          0.00075502,            0.083155
                 177,            0.067021,             0.04179,            0.027117,             0.50879,             0.21581,              0.1443,            0.071569,            0.058413,            0.027295,            0.025563,          0.00075128,          0.00075128,            0.083051
                 178,            0.061761,            0.039298,            0.026573,             0.51052,             0.29061,             0.16541,             0.06343,            0.058413,            0.027293,            0.025575,          0.00074749,          0.00074749,            0.082947
                 179,            0.063922,            0.048096,            0.027714,             0.51052,             0.29061,             0.16541,             0.06343,            0.058413,            0.027293,            0.025575,          0.00074362,          0.00074362,            0.082844
                 180,            0.063176,            0.035097,            0.028452,             0.53536,             0.23985,             0.15927,            0.051857,            0.058911,            0.027296,            0.025574,           0.0007397,           0.0007397,             0.08274
                 181,            0.063415,            0.038826,            0.026892,             0.53536,             0.23985,             0.15927,            0.051857,            0.058911,            0.027296,            0.025574,          0.00073571,          0.00073571,            0.082636
                 182,            0.064177,             0.04386,            0.026369,             0.47746,             0.24359,             0.14018,            0.051604,            0.058849,             0.02719,            0.025556,          0.00073166,          0.00073166,            0.082532
                 183,            0.063587,            0.036641,            0.027989,             0.47746,             0.24359,             0.14018,            0.051604,            0.058849,             0.02719,            0.025556,          0.00072755,          0.00072755,            0.082428
                 184,            0.062071,            0.043243,            0.027693,             0.53161,             0.21332,              0.1534,            0.050521,            0.059081,            0.027123,            0.025538,          0.00072338,          0.00072338,            0.082323
                 185,            0.060139,            0.046665,            0.025947,             0.53161,             0.21332,              0.1534,            0.050521,            0.059081,            0.027123,            0.025538,          0.00071916,          0.00071916,            0.082219
                 186,            0.059574,            0.045795,            0.023687,             0.51539,             0.19017,              0.1471,            0.056332,            0.058013,            0.027042,            0.025486,          0.00071488,          0.00071488,            0.082115
                 187,            0.066179,            0.048358,            0.026989,             0.51539,             0.19017,              0.1471,            0.056332,            0.058013,            0.027042,            0.025486,          0.00071055,          0.00071055,            0.082011
                 188,             0.05727,            0.031185,            0.025933,              0.5067,             0.26923,             0.15891,            0.059825,            0.057576,            0.027045,            0.025401,          0.00070616,          0.00070616,            0.081906
                 189,            0.063423,             0.03262,            0.026057,              0.5067,             0.26923,             0.15891,            0.059825,            0.057576,            0.027045,            0.025401,          0.00070173,          0.00070173,            0.081802
                 190,            0.064808,            0.044443,            0.026987,             0.51234,             0.24145,             0.16987,            0.059982,            0.056465,            0.027013,            0.025325,          0.00069724,          0.00069724,            0.081697
                 191,            0.061928,            0.039129,            0.027644,             0.51234,             0.24145,             0.16987,            0.059982,            0.056465,            0.027013,            0.025325,          0.00069271,          0.00069271,            0.081593
                 192,            0.059081,            0.045751,            0.024329,             0.49754,             0.26923,             0.15959,            0.053647,            0.058117,            0.026985,            0.025314,          0.00068813,          0.00068813,            0.081488
                 193,            0.066549,            0.043559,            0.027498,             0.49754,             0.26923,             0.15959,            0.053647,            0.058117,            0.026985,            0.025314,           0.0006835,           0.0006835,            0.081384
                 194,             0.06496,            0.038942,            0.024702,             0.49147,             0.26024,             0.15612,            0.055085,            0.056103,            0.027013,            0.025143,          0.00067883,          0.00067883,            0.081279
                 195,            0.061502,            0.039563,            0.028082,             0.49147,             0.26024,             0.15612,            0.055085,            0.056103,            0.027013,            0.025143,          0.00067412,          0.00067412,            0.081174
                 196,            0.066299,             0.03884,            0.026283,             0.50472,             0.26923,             0.16829,             0.05081,            0.056492,            0.026988,            0.025055,          0.00066937,          0.00066937,            0.081069
                 197,            0.066472,             0.03734,            0.025339,             0.50472,             0.26923,             0.16829,             0.05081,            0.056492,            0.026988,            0.025055,          0.00066458,          0.00066458,            0.080965
                 198,            0.056642,            0.037338,            0.026465,             0.52515,             0.26323,             0.17321,            0.058643,             0.05596,            0.026992,            0.024961,          0.00065976,          0.00065976,             0.08086
                 199,            0.059964,             0.03705,            0.025901,             0.52515,             0.26323,             0.17321,            0.058643,             0.05596,            0.026992,            0.024961,           0.0006549,           0.0006549,            0.080755
                 200,             0.05981,            0.032868,            0.026999,             0.52208,             0.26923,             0.18523,            0.082135,            0.054806,            0.026978,            0.024887,             0.00065,             0.00065,             0.08065
                 201,            0.063545,            0.028257,            0.028196,             0.52208,             0.26923,             0.18523,            0.082135,            0.054806,            0.026978,            0.024887,          0.00064507,          0.00064507,            0.080545
                 202,            0.061867,            0.037039,            0.025919,             0.54536,             0.26923,             0.19735,             0.07259,            0.054474,            0.026907,            0.024798,          0.00064011,          0.00064011,             0.08044
                 203,            0.059482,            0.034411,            0.025973,             0.54536,             0.26923,             0.19735,             0.07259,            0.054474,            0.026907,            0.024798,          0.00063513,          0.00063513,            0.080335
                 204,            0.062214,            0.041625,            0.025287,             0.53477,             0.26923,             0.19557,            0.076028,             0.05434,            0.026855,            0.024759,          0.00063011,          0.00063011,             0.08023
                 205,            0.059607,             0.04084,            0.026218,             0.53477,             0.26923,             0.19557,            0.076028,             0.05434,            0.026855,            0.024759,          0.00062507,          0.00062507,            0.080125
                 206,            0.056258,            0.039976,            0.024532,             0.51063,             0.26923,             0.18994,            0.071517,            0.054712,            0.026751,             0.02468,          0.00062001,          0.00062001,             0.08002
                 207,            0.061812,            0.038094,            0.025071,             0.51063,             0.26923,             0.18994,            0.071517,            0.054712,            0.026751,             0.02468,          0.00061492,          0.00061492,            0.079915
                 208,            0.064085,            0.028099,            0.027355,             0.51784,             0.26923,              0.1883,            0.067027,            0.056408,            0.026719,            0.024654,          0.00060981,          0.00060981,             0.07981
                 209,            0.059729,            0.031539,            0.028571,             0.51784,             0.26923,              0.1883,            0.067027,            0.056408,            0.026719,            0.024654,          0.00060469,          0.00060469,            0.079705
                 210,            0.059255,            0.026867,            0.027054,             0.53193,             0.26923,             0.19726,            0.074249,            0.055498,            0.026732,            0.024549,          0.00059954,          0.00059954,              0.0796
                 211,            0.064413,            0.034643,            0.024889,             0.53193,             0.26923,             0.19726,            0.074249,            0.055498,            0.026732,            0.024549,          0.00059438,          0.00059438,            0.079494
                 212,            0.061663,            0.032112,            0.026213,             0.55487,             0.26923,              0.1865,            0.080228,            0.055058,            0.026723,            0.024405,          0.00058921,          0.00058921,            0.079389
                 213,            0.054612,            0.028999,            0.026784,             0.55487,             0.26923,              0.1865,            0.080228,            0.055058,            0.026723,            0.024405,          0.00058403,          0.00058403,            0.079284
                 214,             0.06357,            0.039366,            0.027614,             0.54527,             0.26923,             0.18576,            0.077265,            0.055565,            0.026727,             0.02435,          0.00057883,          0.00057883,            0.079179
                 215,            0.063801,            0.042422,            0.024795,             0.54527,             0.26923,             0.18576,            0.077265,            0.055565,            0.026727,             0.02435,          0.00057363,          0.00057363,            0.079074
                 216,            0.060547,            0.029141,            0.029156,             0.53535,             0.24359,             0.18227,            0.080049,            0.055391,            0.026719,            0.024305,          0.00056842,          0.00056842,            0.078968
                 217,             0.06018,            0.039631,            0.025625,             0.53535,             0.24359,             0.18227,            0.080049,            0.055391,            0.026719,            0.024305,          0.00056321,          0.00056321,            0.078863
                 218,            0.060987,            0.049401,            0.024644,              0.5443,             0.26923,             0.18843,            0.072594,            0.055302,            0.026721,            0.024252,          0.00055799,          0.00055799,            0.078758
                 219,            0.067008,            0.024857,            0.030968,              0.5443,             0.26923,             0.18843,            0.072594,            0.055302,            0.026721,            0.024252,          0.00055278,          0.00055278,            0.078653
                 220,            0.056819,            0.031957,            0.026233,             0.54637,             0.26923,             0.18163,            0.071095,            0.054749,            0.026717,            0.024248,          0.00054756,          0.00054756,            0.078548
                 221,            0.057985,            0.041593,            0.024985,             0.54637,             0.26923,             0.18163,            0.071095,            0.054749,            0.026717,            0.024248,          0.00054235,          0.00054235,            0.078442
                 222,            0.060657,            0.038509,            0.027893,             0.53183,             0.26923,             0.17526,            0.063889,            0.055298,            0.026682,            0.024185,          0.00053714,          0.00053714,            0.078337
                 223,            0.063563,            0.029466,            0.027839,             0.53183,             0.26923,             0.17526,            0.063889,            0.055298,            0.026682,            0.024185,          0.00053193,          0.00053193,            0.078232
                 224,            0.057181,            0.038868,            0.024115,             0.53214,             0.26459,             0.18679,            0.066645,            0.055603,            0.026621,            0.024155,          0.00052674,          0.00052674,            0.078127
                 225,            0.061001,            0.039515,            0.026016,             0.53214,             0.26459,             0.18679,            0.066645,            0.055603,            0.026621,            0.024155,          0.00052155,          0.00052155,            0.078022
                 226,            0.058506,             0.02993,            0.026165,             0.52337,              0.2629,             0.18676,            0.058965,            0.054029,            0.026631,            0.024095,          0.00051638,          0.00051638,            0.077916
                 227,             0.05975,            0.036192,            0.026652,             0.52337,              0.2629,             0.18676,            0.058965,            0.054029,            0.026631,            0.024095,          0.00051122,          0.00051122,            0.077811
                 228,            0.061917,            0.038786,            0.025312,             0.53514,             0.26923,             0.18809,             0.06255,            0.054255,            0.026547,            0.024071,          0.00050608,          0.00050608,            0.077706
                 229,             0.05589,            0.035406,            0.025226,             0.53514,             0.26923,             0.18809,             0.06255,            0.054255,            0.026547,            0.024071,          0.00050095,          0.00050095,            0.077601
                 230,             0.05897,            0.031152,            0.028328,             0.53696,             0.26923,             0.19133,            0.065848,            0.053958,            0.026569,            0.024031,          0.00049585,          0.00049585,            0.077496
                 231,            0.061093,            0.032279,            0.026139,             0.53696,             0.26923,             0.19133,            0.065848,            0.053958,            0.026569,            0.024031,          0.00049076,          0.00049076,            0.077391
                 232,            0.060159,            0.046662,            0.030359,              0.5349,             0.26923,             0.19059,            0.064294,             0.05492,             0.02649,            0.024015,           0.0004857,           0.0004857,            0.077286
                 233,            0.056602,            0.031274,            0.025232,              0.5349,             0.26923,             0.19059,            0.064294,             0.05492,             0.02649,            0.024015,          0.00048066,          0.00048066,            0.077181
                 234,             0.05976,             0.03926,            0.023613,             0.55774,             0.26296,             0.20434,            0.068946,             0.05426,            0.026451,            0.024005,          0.00047565,          0.00047565,            0.077076
                 235,            0.060088,            0.037096,            0.026552,             0.55774,             0.26296,             0.20434,            0.068946,             0.05426,            0.026451,            0.024005,          0.00047067,          0.00047067,            0.076971
                 236,            0.061445,            0.026724,            0.027253,             0.54263,             0.26923,             0.19787,            0.073094,            0.054902,            0.026386,            0.024015,          0.00046572,          0.00046572,            0.076866
                 237,            0.059167,            0.027653,            0.025752,             0.54263,             0.26923,             0.19787,            0.073094,            0.054902,            0.026386,            0.024015,           0.0004608,           0.0004608,            0.076761
                 238,            0.061399,            0.037054,            0.025823,              0.5446,             0.26923,             0.19158,            0.063533,            0.053845,            0.026429,            0.024012,          0.00045592,          0.00045592,            0.076656
                 239,            0.058209,            0.039962,            0.026033,              0.5446,             0.26923,             0.19158,            0.063533,            0.053845,            0.026429,            0.024012,          0.00045107,          0.00045107,            0.076551
                 240,            0.060496,            0.030637,             0.02488,             0.54879,             0.26923,              0.1999,            0.068071,            0.053144,            0.026463,            0.023963,          0.00044626,          0.00044626,            0.076446
                 241,            0.062269,            0.042279,            0.022773,             0.54879,             0.26923,              0.1999,            0.068071,            0.053144,            0.026463,            0.023963,          0.00044149,          0.00044149,            0.076341
                 242,            0.064958,            0.033483,            0.026875,             0.53634,             0.26603,             0.19652,            0.068168,             0.05306,            0.026439,            0.023931,          0.00043677,          0.00043677,            0.076237
                 243,            0.061166,            0.042583,            0.027214,             0.53634,             0.26603,             0.19652,            0.068168,             0.05306,            0.026439,            0.023931,          0.00043209,          0.00043209,            0.076132
                 244,            0.060945,            0.043247,            0.025083,             0.52758,             0.29487,             0.19904,            0.068368,            0.053186,            0.026393,            0.023876,          0.00042745,          0.00042745,            0.076027
                 245,            0.053552,            0.038551,            0.022938,             0.52758,             0.29487,             0.19904,            0.068368,            0.053186,            0.026393,            0.023876,          0.00042287,          0.00042287,            0.075923
                 246,            0.062009,            0.038571,            0.025448,             0.54034,             0.26923,             0.20015,             0.06337,            0.053888,            0.026319,            0.023842,          0.00041833,          0.00041833,            0.075818
                 247,            0.054081,            0.039085,            0.022262,             0.54034,             0.26923,             0.20015,             0.06337,            0.053888,            0.026319,            0.023842,          0.00041384,          0.00041384,            0.075714
                 248,            0.057315,            0.042705,            0.024611,             0.55636,             0.26923,             0.20463,            0.068745,            0.054712,            0.026253,            0.023775,          0.00040941,          0.00040941,            0.075609
                 249,            0.058984,            0.039159,            0.025494,             0.55636,             0.26923,             0.20463,            0.068745,            0.054712,            0.026253,            0.023775,          0.00040504,          0.00040504,            0.075505
                 250,            0.060317,            0.041293,            0.025171,             0.55073,             0.26688,             0.20612,            0.059791,            0.054687,            0.026176,            0.023706,          0.00040072,          0.00040072,            0.075401
                 251,            0.056078,            0.034503,            0.029037,             0.55073,             0.26688,             0.20612,            0.059791,            0.054687,            0.026176,            0.023706,          0.00039646,          0.00039646,            0.075296
                 252,            0.062258,            0.037107,            0.025317,              0.5424,             0.26684,             0.20569,            0.067414,             0.05479,            0.026144,            0.023653,          0.00039227,          0.00039227,            0.075192
                 253,             0.05814,            0.034039,            0.024244,              0.5424,             0.26684,             0.20569,            0.067414,             0.05479,            0.026144,            0.023653,          0.00038814,          0.00038814,            0.075088
                 254,            0.065824,             0.04762,            0.024603,             0.55175,              0.2687,               0.208,            0.062557,            0.054015,            0.026084,            0.023675,          0.00038407,          0.00038407,            0.074984
                 255,             0.06334,            0.027329,            0.027156,             0.55175,              0.2687,               0.208,            0.062557,            0.054015,            0.026084,            0.023675,          0.00038007,          0.00038007,             0.07488
                 256,            0.061707,            0.036068,            0.024822,             0.54982,             0.29182,             0.21462,            0.074613,            0.054132,              0.0261,            0.023661,          0.00037614,          0.00037614,            0.074776
                 257,            0.060135,            0.043335,            0.026071,             0.54982,             0.29182,             0.21462,            0.074613,            0.054132,              0.0261,            0.023661,          0.00037228,          0.00037228,            0.074672
                 258,            0.057846,             0.03383,            0.025289,             0.57942,             0.26923,             0.23391,            0.077648,             0.05366,            0.026116,            0.023616,           0.0003685,           0.0003685,            0.074568
                 259,            0.061259,            0.032848,            0.024326,             0.57942,             0.26923,             0.23391,            0.077648,             0.05366,            0.026116,            0.023616,          0.00036479,          0.00036479,            0.074465
                 260,            0.060437,            0.043705,            0.025437,              0.5634,             0.29487,              0.2397,            0.085349,            0.052992,            0.026103,            0.023578,          0.00036115,          0.00036115,            0.074361
                 261,            0.057905,            0.028542,             0.02422,              0.5634,             0.29487,              0.2397,            0.085349,            0.052992,            0.026103,            0.023578,           0.0003576,           0.0003576,            0.074258
                 262,            0.061465,             0.03614,            0.028305,             0.56245,             0.29487,             0.24454,            0.086791,             0.05282,            0.026079,            0.023557,          0.00035412,          0.00035412,            0.074154
                 263,            0.056069,            0.032009,            0.025585,             0.56245,             0.29487,             0.24454,            0.086791,             0.05282,            0.026079,            0.023557,          0.00035073,          0.00035073,            0.074051
                 264,            0.053249,            0.030402,            0.025102,             0.56544,             0.29487,             0.24207,             0.08512,            0.052594,            0.026094,             0.02352,          0.00034743,          0.00034743,            0.073947
                 265,            0.057621,            0.037968,            0.024143,             0.56544,             0.29487,             0.24207,             0.08512,            0.052594,            0.026094,             0.02352,          0.00034421,          0.00034421,            0.073844
                 266,            0.059398,            0.039648,            0.025609,             0.57116,             0.29001,             0.24855,             0.08459,            0.053074,            0.026039,            0.023491,          0.00034107,          0.00034107,            0.073741
                 267,            0.060675,            0.031052,            0.026907,             0.57116,             0.29001,             0.24855,             0.08459,            0.053074,            0.026039,            0.023491,          0.00033803,          0.00033803,            0.073638
                 268,            0.057752,             0.03422,            0.025644,             0.56462,             0.29487,             0.24433,            0.090887,            0.052763,            0.026037,            0.023455,          0.00033508,          0.00033508,            0.073535
                 269,            0.062265,            0.037548,             0.02661,             0.56462,             0.29487,             0.24433,            0.090887,            0.052763,            0.026037,            0.023455,          0.00033223,          0.00033223,            0.073432
                 270,            0.058271,            0.039759,            0.026222,             0.58273,             0.26923,             0.24478,            0.089374,            0.053149,             0.02604,            0.023435,          0.00032947,          0.00032947,            0.073329
                 271,            0.046531,            0.038167,            0.020894,             0.58273,             0.26923,             0.24478,            0.089374,            0.053149,             0.02604,            0.023435,           0.0003268,           0.0003268,            0.073227
                 272,            0.057246,            0.036102,            0.024509,             0.59694,             0.29487,              0.2543,             0.08733,            0.052334,            0.026065,            0.023401,          0.00032424,          0.00032424,            0.073124
                 273,            0.055649,            0.036634,             0.02526,             0.59694,             0.29487,              0.2543,             0.08733,            0.052334,            0.026065,            0.023401,          0.00032178,          0.00032178,            0.073022
                 274,            0.063184,            0.041171,            0.023805,             0.58974,             0.29487,              0.2323,            0.076831,            0.051575,            0.026043,            0.023359,          0.00031942,          0.00031942,            0.072919
                 275,             0.05885,            0.034018,            0.022675,             0.58974,             0.29487,              0.2323,            0.076831,            0.051575,            0.026043,            0.023359,          0.00031717,          0.00031717,            0.072817
                 276,            0.063853,            0.029503,            0.026137,             0.58221,             0.29487,             0.22441,            0.074127,            0.051017,            0.026067,            0.023352,          0.00031502,          0.00031502,            0.072715
                 277,            0.057273,            0.035321,            0.025605,             0.58221,             0.29487,             0.22441,            0.074127,            0.051017,            0.026067,            0.023352,          0.00031298,          0.00031298,            0.072613
                 278,            0.055519,            0.034868,            0.022471,             0.58186,             0.29487,             0.23093,            0.072617,            0.051524,            0.026051,            0.023326,          0.00031105,          0.00031105,            0.072511
                 279,            0.064756,            0.029131,            0.027937,             0.58186,             0.29487,             0.23093,            0.072617,            0.051524,            0.026051,            0.023326,          0.00030924,          0.00030924,            0.072409
                 280,            0.055382,            0.033001,            0.024635,             0.57149,             0.29487,              0.2354,            0.082278,            0.051435,             0.02606,            0.023356,          0.00030753,          0.00030753,            0.072308
                 281,            0.059693,            0.040467,            0.026192,             0.57149,             0.29487,              0.2354,            0.082278,            0.051435,             0.02606,            0.023356,          0.00030595,          0.00030595,            0.072206
                 282,             0.06069,            0.040717,            0.026636,             0.56939,             0.29487,             0.23773,            0.086696,            0.052546,            0.026009,            0.023352,          0.00030448,          0.00030448,            0.072104
                 283,            0.057855,            0.040128,            0.026183,             0.56939,             0.29487,             0.23773,            0.086696,            0.052546,            0.026009,            0.023352,          0.00030313,          0.00030313,            0.072003
                 284,            0.058708,            0.041437,            0.026791,             0.54528,             0.29394,             0.23397,            0.082651,            0.052987,            0.025966,            0.023317,           0.0003019,           0.0003019,            0.071902
                 285,            0.057881,            0.033875,            0.024459,             0.54528,             0.29394,             0.23397,            0.082651,            0.052987,            0.025966,            0.023317,          0.00030079,          0.00030079,            0.071801
                 286,            0.056684,            0.034735,            0.023812,             0.55473,             0.29395,             0.23925,             0.08638,            0.052527,            0.025964,            0.023306,          0.00029981,          0.00029981,              0.0717
                 287,            0.055822,            0.040485,            0.022475,             0.55473,             0.29395,             0.23925,             0.08638,            0.052527,            0.025964,            0.023306,          0.00029895,          0.00029895,            0.071599
                 288,             0.05976,            0.032183,            0.024865,             0.55595,             0.29487,             0.23722,            0.090805,            0.052111,            0.025946,            0.023288,          0.00029822,          0.00029822,            0.071498
                 289,            0.057849,            0.028852,            0.025546,             0.55595,             0.29487,             0.23722,            0.090805,            0.052111,            0.025946,            0.023288,          0.00029762,          0.00029762,            0.071398
                 290,            0.061223,            0.034804,            0.026399,             0.56913,             0.29487,             0.24508,             0.08649,            0.052246,            0.025937,            0.023245,          0.00029715,          0.00029715,            0.071297
                 291,            0.059183,            0.033485,            0.027143,             0.56913,             0.29487,             0.24508,             0.08649,            0.052246,            0.025937,            0.023245,          0.00029681,          0.00029681,            0.071197
                 292,            0.056987,            0.034289,            0.025288,             0.54856,             0.29487,             0.23861,            0.080073,            0.052754,            0.025918,            0.023204,          0.00029661,          0.00029661,            0.071097
                 293,            0.055574,            0.033799,            0.025449,             0.54856,             0.29487,             0.23861,            0.080073,            0.052754,            0.025918,            0.023204,          0.00029654,          0.00029654,            0.070997
                 294,            0.055892,            0.033062,            0.025581,             0.54443,             0.29404,              0.2392,            0.080162,            0.052635,            0.025919,            0.023148,          0.00029661,          0.00029661,            0.070897
                 295,            0.058073,            0.027999,            0.024417,             0.54443,             0.29404,              0.2392,            0.080162,            0.052635,            0.025919,            0.023148,          0.00029682,          0.00029682,            0.070797
                 296,            0.058963,            0.025456,            0.027223,             0.56719,             0.29452,             0.24236,            0.090266,            0.052147,            0.025895,            0.023095,          0.00029717,          0.00029717,            0.070697
                 297,            0.056888,             0.03358,            0.024557,             0.56719,             0.29452,             0.24236,            0.090266,            0.052147,            0.025895,            0.023095,          0.00029766,          0.00029766,            0.070598
                 298,            0.059997,            0.042799,            0.026763,             0.55647,             0.29487,             0.24084,            0.093278,             0.05213,            0.025851,            0.023051,          0.00029829,          0.00029829,            0.070498
                 299,            0.057802,            0.030756,            0.025099,             0.55647,             0.29487,             0.24084,            0.093278,             0.05213,            0.025851,            0.023051,          0.00029907,          0.00029907,            0.070399
